{
    "adaptive_bed_mesh_margin": "0",
    "auxiliary_fan": "0",
    "bbl_use_printhost": "0",
    "bed_custom_model": "",
    "bed_custom_texture": "",
    "bed_exclude_area": [
        "0x0"
    ],
    "bed_mesh_max": "99999,99999",
    "bed_mesh_min": "-99999,-99999",
    "bed_mesh_probe_distance": "50,50",
    "before_layer_change_gcode": ";BEFORE_LAYER_CHANGE\nG92 E0\n;[layer_z]\n\n",
    "best_object_pos": "0.5,0.5",
    "change_extrusion_role_gcode": "",
    "change_filament_gcode": "M600",
    "cooling_tube_length": "5",
    "cooling_tube_retraction": "91.5",
    "default_filament_profile": [
        "Elegoo Generic PLA"
    ],
    "default_print_profile": "0.20mm Standard @Elegoo Neptune3Max",
    "deretraction_speed": [
        "0"
    ],
    "disable_m73": "0",
    "emit_machine_limits_to_gcode": "1",
    "enable_filament_ramming": "1",
    "enable_long_retraction_when_cut": "0",
    "extra_loading_move": "-2",
    "extruder_clearance_height_to_lid": "34",
    "extruder_clearance_height_to_rod": "34",
    "extruder_clearance_radius": "47",
    "extruder_colour": [
        "#FCE94F"
    ],
    "extruder_offset": [
        "0x0"
    ],
    "fan_kickstart": "0",
    "fan_speedup_overhangs": "1",
    "fan_speedup_time": "0",
    "from": "User",
    "gcode_flavor": "marlin",
    "head_wrap_detect_zone": [],
    "high_current_on_filament_swap": "0",
    "host_type": "octoprint",
    "inherits": "Elegoo Neptune 3 Max 0.4 nozzle",
    "layer_change_gcode": ";AFTER_LAYER_CHANGE\n;[layer_z]",
    "long_retractions_when_cut": [
        "0"
    ],
    "machine_end_gcode": "{if max_layer_z < printable_height}G1 Z{z_offset+min(max_layer_z+2, printable_height)} F600 ; Move print head up{endif}\nG1 X5 Y{print_bed_max[1]*0.8} F{travel_speed*60} ; present print\n{if max_layer_z < printable_height-10}G1 Z{z_offset+min(max_layer_z+70, printable_height-10)} F600 ; Move print head further up{endif}\n{if max_layer_z < printable_height*0.6}G1 Z{printable_height*0.6} F600 ; Move print head further up{endif}\nM140 S0 ; turn off heatbed\nM104 S0 ; turn off temperature\nM107 ; turn off fan\nM84 X Y E ; disable motors",
    "machine_load_filament_time": "0",
    "machine_max_acceleration_e": [
        "5000",
        "5000"
    ],
    "machine_max_acceleration_extruding": [
        "500",
        "500"
    ],
    "machine_max_acceleration_retracting": [
        "1000",
        "1000"
    ],
    "machine_max_acceleration_travel": [
        "500",
        "500"
    ],
    "machine_max_acceleration_x": [
        "500",
        "500"
    ],
    "machine_max_acceleration_y": [
        "500",
        "500"
    ],
    "machine_max_acceleration_z": [
        "100",
        "100"
    ],
    "machine_max_jerk_e": [
        "5",
        "5"
    ],
    "machine_max_jerk_x": [
        "8",
        "8"
    ],
    "machine_max_jerk_y": [
        "8",
        "8"
    ],
    "machine_max_jerk_z": [
        "0.4",
        "0.4"
    ],
    "machine_max_speed_e": [
        "60",
        "60"
    ],
    "machine_max_speed_x": [
        "500",
        "500"
    ],
    "machine_max_speed_y": [
        "500",
        "500"
    ],
    "machine_max_speed_z": [
        "10",
        "10"
    ],
    "machine_min_extruding_rate": [
        "0",
        "0"
    ],
    "machine_min_travel_rate": [
        "0",
        "0"
    ],
    "machine_pause_gcode": "M0",
    "machine_start_gcode": "G90 ; use absolute coordinates  \nM83 ; extruder relative mode\n{ if bed_temperature[0] < first_layer_bed_temperature[0] - 10 } \n  M190 S{first_layer_bed_temperature[0] - 10} ; start heating bed\n{ endif }\nM104 S[first_layer_temperature] ; set extruder temp  \nM190 S[first_layer_bed_temperature] ; wait for bed temp  \nM109 S[first_layer_temperature] ; wait for extruder temp  \nG28                                        ; move X/Y/Z to min endstops  \nBED_MESH_PROFILE LOAD=default  \nG1 Z5                                   ; lift nozzle for movement   \nG1 X5 Y3 F4000                    ; Move to starting position\nG1 Z0.28                                   ; bring nozzle down for purge line\nG92 E0                                     ; zero the extruded length again \nG1 X55  E15 F500                       ; Extrude 15mm of filament in a 5cm line.   \nG92 E0                                     ; zero the extruded length again\nG1 E-2 F500                                ; Retract a little\nG1 X100 F4000                              ; Quickly wipe away from the filament line\nM117",
    "machine_tool_change_time": "0",
    "machine_unload_filament_time": "0",
    "manual_filament_change": "0",
    "max_layer_height": [
        "0.32"
    ],
    "min_layer_height": [
        "0.08"
    ],
    "name": "Elegoo Neptune 3 Max 0.6 CHT nozzle",
    "nozzle_diameter": [
        "0.6"
    ],
    "nozzle_height": "2.5",
    "nozzle_hrc": "0",
    "nozzle_type": "hardened_steel",
    "nozzle_volume": "0",
    "parking_pos_retraction": "92",
    "pellet_modded_printer": "0",
    "preferred_orientation": "0",
    "printable_area": [
        "0x0",
        "420x0",
        "420x420",
        "0x420"
    ],
    "printable_height": "500",
    "printer_model": "Elegoo Neptune 3 Max",
    "printer_notes": "",
    "printer_settings_id": "Elegoo Neptune 3 Max 0.6 CHT nozzle",
    "printer_structure": "undefine",
    "printer_technology": "FFF",
    "printer_variant": "0.4",
    "printhost_authorization_type": "key",
    "printhost_ssl_ignore_revoke": "0",
    "printing_by_object_gcode": "",
    "purge_in_prime_tower": "1",
    "retract_before_wipe": [
        "85%"
    ],
    "retract_length_toolchange": [
        "2"
    ],
    "retract_lift_above": [
        "0"
    ],
    "retract_lift_below": [
        "0"
    ],
    "retract_lift_enforce": [
        "All Surfaces"
    ],
    "retract_restart_extra": [
        "0"
    ],
    "retract_restart_extra_toolchange": [
        "0"
    ],
    "retract_when_changing_layer": [
        "1"
    ],
    "retraction_distances_when_cut": [
        "18"
    ],
    "retraction_length": [
        "2.5"
    ],
    "retraction_minimum_travel": [
        "1"
    ],
    "retraction_speed": [
        "25"
    ],
    "scan_first_layer": "0",
    "silent_mode": "0",
    "single_extruder_multi_material": "1",
    "support_air_filtration": "1",
    "support_chamber_temp_control": "1",
    "support_multi_bed_types": "0",
    "template_custom_gcode": "",
    "thumbnails": "48x48/PNG,300x300/PNG",
    "thumbnails_format": "PNG",
    "time_cost": "0",
    "time_lapse_gcode": "",
    "travel_slope": [
        "3"
    ],
    "upward_compatible_machine": [],
    "use_firmware_retraction": "0",
    "use_relative_e_distances": "0",
    "version": "2.1.1.0",
    "wipe": [
        "1"
    ],
    "wipe_distance": [
        "1"
    ],
    "z_hop": [
        "0.4"
    ],
    "z_hop_types": [
        "Slope Lift"
    ],
    "z_offset": "0"
}
